{
  "mode": "PBE_PLUS_D3",
  "a": 5.845690341423435,
  "b": 5.845690080595992,
  "c": 3.173214647685354,
  "c_over_a": 0.5428297536048875,
  "volume_A3": 108.43538935962957,
  "E_total_eV": -13.971518235283236,
  "E_per_atom_eV": -3.492879558820809,
  "da_pct_vs_exp": 0.251935198481123,
  "dc_pct_vs_exp": -0.2760952958719656,
  "n_atoms": 4,
  "cell": [
    [
      5.845690341423435,
      2.3127652482286905e-09,
      2.8916708891948593e-08
    ],
    [
      2.3127652482286905e-09,
      5.84569008059599,
      1.6419940199015219e-07
    ],
    [
      1.5779963590152704e-08,
      8.960426978780039e-08,
      3.1732146476853527
    ]
  ],
  "scaled_positions": [
    [
      0.9999999995854337,
      0.9999999995560013,
      0.999999997804743
    ],
    [
      0.4999999982745523,
      0.49999999828156416,
      0.5000000005686821
    ],
    [
      1.5252143155854245e-09,
      0.500000000694872,
      0.25000000109903203
    ],
    [
      0.5000000006614913,
      1.4394669207667748e-09,
      0.7500000003664399
    ]
  ]
}