{
  "method": "MACE_MPA0",
  "protocol": "Tatsumi-2026",
  "bulk": {
    "method": "MACE_MPA0",
    "lattice": {
      "a": 5.95716476829288,
      "b": 5.9571647682928806,
      "c": 3.205222218671665,
      "c_over_a": 0.5380449162211393
    },
    "E_total_eV": -15.868022379298088,
    "mu_Sn_eV_per_atom": -3.967005594824522,
    "fmax_final": 2.4756297952989814e-15,
    "n_steps": 5,
    "converged": true,
    "residual_stress_GPa": [
      -0.0005609291633526588,
      -0.0005609291633854093,
      -0.0006041382468540569,
      3.972040496997762e-15,
      -5.542261593716652e-16,
      -3.516213376293503e-15
    ],
    "wall_seconds": 1.4036056995391846
  },
  "elastic": {
    "tetragonal_independent_GPa": {
      "C11": 68.73370590742118,
      "C33": 79.64474083599964,
      "C12": 41.465538480627124,
      "C13": 26.518956167586996,
      "C44": 6.896702875586844,
      "C66": 13.766294581351412,
      "B_Voigt": 45.12433936471602
    },
    "MAPE_vs_exp_pct": 30.933500980284983,
    "C_full_GPa_unsymmetrized": [
      [
        68.73370590731636,
        41.465538480537624,
        26.51365966903576,
        1.4300626655083803e-13,
        -2.6918679958687353e-12,
        8.141816214279896e-13
      ],
      [
        41.465538480716624,
        68.73370590752599,
        26.513659669037057,
        5.667016335364483e-13,
        7.799533588426222e-13,
        9.43689570931383e-14
      ],
      [
        26.52425266613598,
        26.52425266613919,
        79.64474083599964,
        2.0127129130020904e-13,
        -4.118016691534443e-13,
        9.388106611551983e-14
      ],
      [
        6.849526309453007e-13,
        -4.879056377339389e-13,
        5.929197230974484e-14,
        6.896702875584797,
        -2.6619832187482554e-15,
        -1.0828780476887526e-13
      ],
      [
        4.4848228489416285e-13,
        1.9651411657311644e-13,
        -3.6551252985761756e-13,
        9.849251853982299e-14,
        6.8967028755888915,
        1.809733125410151e-13
      ],
      [
        1.2168386029749937e-13,
        2.444699039770217e-13,
        -3.9661994711652275e-13,
        1.8249107384451118e-13,
        -5.4014272935482224e-14,
        13.766294581351412
      ]
    ],
    "method": "Tatsumi-2026: LBFGS, fmax_atoms=0.005, \u0394\u03b5=\u00b10.5%, internal relax",
    "wall_seconds": 1.1407334804534912
  },
  "surfaces": {
    "results": {
      "100": {
        "all_terminations": [
          {
            "termination": 0,
            "N": 12,
            "A_A2": 19.026504197929516,
            "E_eV": -46.748660452727876,
            "gamma_mJ_m2": 360.15880512882626,
            "n_steps": 13,
            "converged": true,
            "wall_seconds": 0.9639978408813477
          }
        ],
        "gamma_min_mJ_m2": 360.15880512882626
      },
      "101": {
        "all_terminations": [
          {
            "termination": 1,
            "N": 12,
            "A_A2": 19.812297394660472,
            "E_eV": -46.750437387447434,
            "gamma_mJ_m2": 345.15574166117466,
            "n_steps": 58,
            "converged": true,
            "wall_seconds": 3.2458317279815674
          },
          {
            "termination": 0,
            "N": 12,
            "A_A2": 19.704023696730253,
            "E_eV": -46.745104281230844,
            "gamma_mJ_m2": 349.22060580154283,
            "n_steps": 92,
            "converged": true,
            "wall_seconds": 5.361399412155151
          }
        ],
        "gamma_min_mJ_m2": 345.15574166117466
      },
      "110": {
        "all_terminations": [
          {
            "termination": 0,
            "N": 8,
            "A_A2": 13.153772124422334,
            "E_eV": -30.979804023541654,
            "gamma_mJ_m2": 460.5641727416464,
            "n_steps": 24,
            "converged": true,
            "wall_seconds": 1.3638031482696533
          }
        ],
        "gamma_min_mJ_m2": 460.5641727416464
      },
      "111": {
        "all_terminations": [
          {
            "termination": 0,
            "N": 32,
            "A_A2": 43.86180063290772,
            "E_eV": -124.69914963506739,
            "gamma_mJ_m2": 410.03032186629264,
            "n_steps": 105,
            "converged": true,
            "wall_seconds": 8.819744110107422
          }
        ],
        "gamma_min_mJ_m2": 410.03032186629264
      },
      "001": {
        "all_terminations": [
          {
            "termination": 0,
            "N": 20,
            "A_A2": 34.90641664722208,
            "E_eV": -77.79958051451511,
            "gamma_mJ_m2": 353.5457977668159,
            "n_steps": 60,
            "converged": true,
            "wall_seconds": 3.5914902687072754
          }
        ],
        "gamma_min_mJ_m2": 353.5457977668159
      }
    },
    "MAE_vs_DFT_PBE_mJ_m2": 139.14903216704883,
    "MAPE_vs_DFT_PBE_pct": 26.47527363741988,
    "method": "Tatsumi-2026: FrechetCellFilter mask=[T,T,F,F,F,T], LBFGS, fmax=0.015"
  }
}