{
  "method": "SevenNet_Omni",
  "protocol": "Tatsumi-2026",
  "bulk": {
    "method": "SevenNet_Omni",
    "lattice": {
      "a": 5.9628855043591855,
      "b": 5.962885474151064,
      "c": 3.2055149430980543,
      "c_over_a": 0.5375778120768298
    },
    "E_total_eV": -15.199289321899414,
    "mu_Sn_eV_per_atom": -3.7998223304748535,
    "fmax_final": 3.725290298461914e-08,
    "n_steps": 5,
    "converged": true,
    "residual_stress_GPa": [
      -0.0001588864834047854,
      -0.00015873184020165354,
      -0.00022567632549908012,
      2.758000405833627e-08,
      1.2689005757238192e-07,
      -6.15820994198657e-08
    ],
    "wall_seconds": 0.9596176147460938
  },
  "elastic": {
    "tetragonal_independent_GPa": {
      "C11": 67.14696502685547,
      "C33": 77.71319580078125,
      "C12": 40.23189163208008,
      "C13": 24.83682107925415,
      "C44": 6.707768678665161,
      "C66": 12.769168853759766,
      "B_Voigt": 43.53535482618544
    },
    "MAPE_vs_exp_pct": 33.61532473771973,
    "C_full_GPa_unsymmetrized": [
      [
        67.14543151855469,
        40.23017501831055,
        24.831695556640625,
        -7.986091077327728e-06,
        3.041350282728672e-05,
        -0.00010598450899124146
      ],
      [
        40.23360824584961,
        67.14849853515625,
        24.831815719604492,
        -0.0006309128366410732,
        0.00015379628166556358,
        -0.00014011748135089874
      ],
      [
        24.841968536376953,
        24.84180450439453,
        77.71319580078125,
        -5.597248673439026e-05,
        7.138005457818508e-05,
        -0.00013620010577142239
      ],
      [
        9.351903827337082e-06,
        -3.608889164752327e-05,
        -1.0817247130034957e-05,
        6.707703590393066,
        1.5357813026639633e-05,
        1.3551391930377577e-05
      ],
      [
        -5.534794581762981e-06,
        9.018200216814876e-06,
        8.087714377325028e-06,
        -1.2669975149037782e-05,
        6.707833766937256,
        1.3542187843995634e-05
      ],
      [
        -1.7049602547558607e-06,
        6.13519296166487e-06,
        -3.995560746261617e-06,
        -5.8014411479234695e-06,
        -1.932249688252341e-06,
        12.769168853759766
      ]
    ],
    "method": "Tatsumi-2026: LBFGS, fmax_atoms=0.005, \u0394\u03b5=\u00b10.5%, internal relax",
    "wall_seconds": 3.16050124168396
  },
  "surfaces": {
    "results": {
      "100": {
        "all_terminations": [
          {
            "termination": 0,
            "N": 12,
            "A_A2": 19.429010939501367,
            "E_eV": -44.73041915893555,
            "gamma_mJ_m2": 357.6626246477476,
            "n_steps": 48,
            "converged": true,
            "wall_seconds": 4.845842599868774
          }
        ],
        "gamma_min_mJ_m2": 357.6626246477476
      },
      "101": {
        "all_terminations": [
          {
            "termination": 1,
            "N": 12,
            "A_A2": 20.713458652859632,
            "E_eV": -44.65327072143555,
            "gamma_mJ_m2": 365.3208425164535,
            "n_steps": 61,
            "converged": true,
            "wall_seconds": 5.6629979610443115
          },
          {
            "termination": 0,
            "N": 12,
            "A_A2": 19.612912976049124,
            "E_eV": -44.69001770019531,
            "gamma_mJ_m2": 370.81092552027826,
            "n_steps": 92,
            "converged": true,
            "wall_seconds": 8.504322052001953
          }
        ],
        "gamma_min_mJ_m2": 365.3208425164535
      },
      "110": {
        "all_terminations": [
          {
            "termination": 0,
            "N": 8,
            "A_A2": 13.046470428837518,
            "E_eV": -29.63705825805664,
            "gamma_mJ_m2": 467.59396535861134,
            "n_steps": 30,
            "converged": true,
            "wall_seconds": 2.8285152912139893
          }
        ],
        "gamma_min_mJ_m2": 467.59396535861134
      },
      "111": {
        "all_terminations": [
          {
            "termination": 0,
            "N": 32,
            "A_A2": 43.93358844876483,
            "E_eV": -119.26688385009766,
            "gamma_mJ_m2": 424.3854482036944,
            "n_steps": 117,
            "converged": true,
            "wall_seconds": 11.220256328582764
          }
        ],
        "gamma_min_mJ_m2": 424.3854482036944
      },
      "001": {
        "all_terminations": [
          {
            "termination": 0,
            "N": 20,
            "A_A2": 34.75398021019671,
            "E_eV": -74.36796569824219,
            "gamma_mJ_m2": 375.36910148813615,
            "n_steps": 54,
            "converged": true,
            "wall_seconds": 5.113173723220825
          }
        ],
        "gamma_min_mJ_m2": 375.36910148813615
      }
    },
    "MAE_vs_DFT_PBE_mJ_m2": 126.9736035570714,
    "MAPE_vs_DFT_PBE_pct": 24.19733859825576,
    "method": "Tatsumi-2026: FrechetCellFilter mask=[T,T,F,F,F,T], LBFGS, fmax=0.015"
  }
}