{
  "method": "ORB_v3",
  "protocol": "Tatsumi-2026",
  "bulk": {
    "method": "ORB_v3",
    "lattice": {
      "a": 5.915674776157127,
      "b": 5.915563552524936,
      "c": 3.2570120334100645,
      "c_over_a": 0.5505732070561606
    },
    "E_total_eV": -15.080723546194712,
    "mu_Sn_eV_per_atom": -3.770180886548678,
    "fmax_final": 7.400893305535263e-05,
    "n_steps": 6,
    "converged": true,
    "residual_stress_GPa": [
      0.00015167493468679053,
      0.00018983003441535632,
      0.00015830169030271485,
      -9.75067239817331e-05,
      -3.737546058801997e-05,
      0.00023925279493212505
    ],
    "wall_seconds": 8.995581865310669
  },
  "elastic": {
    "tetragonal_independent_GPa": {
      "C11": -87.60969405108617,
      "C33": 64.98986402482937,
      "C12": 200.6218646802194,
      "C13": 40.92805273351368,
      "C44": 0.4556233312853507,
      "C66": 10.214870107063902,
      "B_Voigt": 50.525157357461175
    },
    "MAPE_vs_exp_pct": 109.47641634347391,
    "C_full_GPa_unsymmetrized": [
      [
        -87.33187527150656,
        200.4567250124268,
        41.14567936220891,
        -0.015194500122846797,
        0.041817837065019285,
        0.03897775863821234
      ],
      [
        200.78700434801203,
        -87.88751283066577,
        41.282759421948214,
        -0.010608928900210531,
        -0.023180599556512083,
        0.05428971365430812
      ],
      [
        40.88569510123957,
        40.39807704865802,
        64.98986402482937,
        -0.004591735211881488,
        0.0011138631424013066,
        -0.10359309523113719
      ],
      [
        -0.17666330819496676,
        0.16449482308428148,
        -0.012407180567837716,
        0.4432787106209395,
        -0.01812975851869684,
        5.5694329832016475e-05
      ],
      [
        0.1791051000924031,
        -0.2610380147777725,
        0.007848815016742986,
        -0.01806466499796337,
        0.46796795194976193,
        0.006260263794293399
      ],
      [
        0.10681049419935494,
        -0.016833523921802974,
        -0.10359620226935945,
        0.0005589888527992247,
        0.006868502139252157,
        10.214870107063902
      ]
    ],
    "method": "Tatsumi-2026: LBFGS, fmax_atoms=0.005, \u0394\u03b5=\u00b10.5%, internal relax",
    "wall_seconds": 1.4427645206451416
  },
  "surfaces": {
    "results": {
      "100": {
        "all_terminations": [
          {
            "termination": 0,
            "N": 12,
            "A_A2": 18.51589358094196,
            "E_eV": -44.67435656685787,
            "gamma_mJ_m2": 245.66420037988394,
            "n_steps": 52,
            "converged": true,
            "wall_seconds": 3.853797674179077
          }
        ],
        "gamma_min_mJ_m2": 245.66420037988394
      },
      "101": {
        "all_terminations": [
          {
            "termination": 1,
            "N": 12,
            "A_A2": 19.804804954203032,
            "E_eV": -44.67000642747011,
            "gamma_mJ_m2": 231.43578843057014,
            "n_steps": 146,
            "converged": true,
            "wall_seconds": 10.766902923583984
          },
          {
            "termination": 0,
            "N": 12,
            "A_A2": 19.645863579977956,
            "E_eV": -44.5076128764443,
            "gamma_mJ_m2": 299.5264825169615,
            "n_steps": 51,
            "converged": true,
            "wall_seconds": 3.780441999435425
          }
        ],
        "gamma_min_mJ_m2": 231.43578843057014
      },
      "110": {
        "all_terminations": [
          {
            "termination": 0,
            "N": 8,
            "A_A2": 13.453294789523419,
            "E_eV": -29.584232373091258,
            "gamma_mJ_m2": 343.70760119690755,
            "n_steps": 400,
            "converged": false,
            "wall_seconds": 22.831952571868896
          }
        ],
        "gamma_min_mJ_m2": 343.70760119690755
      },
      "111": {
        "all_terminations": [
          {
            "termination": 0,
            "N": 32,
            "A_A2": 43.3150765579506,
            "E_eV": -119.16837499349234,
            "gamma_mJ_m2": 273.23940969192245,
            "n_steps": 150,
            "converged": true,
            "wall_seconds": 23.626591205596924
          }
        ],
        "gamma_min_mJ_m2": 273.23940969192245
      },
      "001": {
        "all_terminations": [
          {
            "termination": 0,
            "N": 20,
            "A_A2": 34.675622371049535,
            "E_eV": -74.32352157661528,
            "gamma_mJ_m2": 249.5275791258606,
            "n_steps": 50,
            "converged": true,
            "wall_seconds": 5.235037326812744
          }
        ],
        "gamma_min_mJ_m2": 249.5275791258606
      }
    },
    "MAE_vs_DFT_PBE_mJ_m2": 256.32508423497103,
    "MAPE_vs_DFT_PBE_pct": 48.814936874821946,
    "method": "Tatsumi-2026: FrechetCellFilter mask=[T,T,F,F,F,T], LBFGS, fmax=0.015"
  }
}